filename,concept,format,width,height,file_size_kb,headline,offer,status
"combinatorial/01-text-experience-combinatorial-1200x1200.jpg","TEXT EXPERIENCE","1200x1200","1200","1200","56","","","PASS"
"combinatorial/01-text-experience-combinatorial-1600x1200.jpg","TEXT EXPERIENCE","1600x1200","1600","1200","69","","","PASS"
"combinatorial/01-text-experience-combinatorial-1200x1600.jpg","TEXT EXPERIENCE","1200x1600","1200","1600","62","","","PASS"
"combinatorial/01-text-experience-combinatorial-1920x1080.jpg","TEXT EXPERIENCE","1920x1080","1920","1080","77","","","PASS"
"graphic/01-text-experience-graphic-240x400.jpg","TEXT EXPERIENCE","240x400","240","400","15","10 лет с текстами ваше преимущество в AI","14 дней бесплатно","PASS"
"graphic/01-text-experience-graphic-300x250.jpg","TEXT EXPERIENCE","300x250","300","250","18","10 лет с текстами ваше преимущество в AI","14 дней бесплатно","PASS"
"graphic/01-text-experience-graphic-300x500.jpg","TEXT EXPERIENCE","300x500","300","500","20","10 лет с текстами ваше преимущество в AI","14 дней бесплатно","PASS"
"graphic/01-text-experience-graphic-300x600.jpg","TEXT EXPERIENCE","300x600","300","600","19","10 лет с текстами ваше преимущество в AI","14 дней бесплатно","PASS"
"graphic/01-text-experience-graphic-320x50.jpg","TEXT EXPERIENCE","320x50","320","50","7","10 лет с текстами ваше преимущество в AI","14 дней бесплатно","PASS"
"graphic/01-text-experience-graphic-320x100.jpg","TEXT EXPERIENCE","320x100","320","100","7","10 лет с текстами ваше преимущество в AI","14 дней бесплатно","PASS"
"graphic/01-text-experience-graphic-320x480.jpg","TEXT EXPERIENCE","320x480","320","480","20","10 лет с текстами ваше преимущество в AI","14 дней бесплатно","PASS"
"graphic/01-text-experience-graphic-336x280.jpg","TEXT EXPERIENCE","336x280","336","280","21","10 лет с текстами ваше преимущество в AI","14 дней бесплатно","PASS"
"graphic/01-text-experience-graphic-480x320.jpg","TEXT EXPERIENCE","480x320","480","320","26","10 лет с текстами ваше преимущество в AI","14 дней бесплатно","PASS"
"graphic/01-text-experience-graphic-728x90.jpg","TEXT EXPERIENCE","728x90","728","90","14","10 лет с текстами ваше преимущество в AI","14 дней бесплатно","PASS"
"graphic/01-text-experience-graphic-970x250.jpg","TEXT EXPERIENCE","970x250","970","250","20","10 лет с текстами ваше преимущество в AI","14 дней бесплатно","PASS"
"combinatorial/02-editors-eye-combinatorial-1200x1200.jpg","EDITOR'S EYE","1200x1200","1200","1200","57","","","PASS"
"combinatorial/02-editors-eye-combinatorial-1600x1200.jpg","EDITOR'S EYE","1600x1200","1600","1200","75","","","PASS"
"combinatorial/02-editors-eye-combinatorial-1200x1600.jpg","EDITOR'S EYE","1200x1600","1200","1600","65","","","PASS"
"combinatorial/02-editors-eye-combinatorial-1920x1080.jpg","EDITOR'S EYE","1920x1080","1920","1080","82","","","PASS"
"graphic/02-editors-eye-graphic-240x400.jpg","EDITOR'S EYE","240x400","240","400","13","Умеете видеть плохой текст? Научите AI делать хорошую работу.","","PASS"
"graphic/02-editors-eye-graphic-300x250.jpg","EDITOR'S EYE","300x250","300","250","16","Умеете видеть плохой текст? Научите AI делать хорошую работу.","","PASS"
"graphic/02-editors-eye-graphic-300x500.jpg","EDITOR'S EYE","300x500","300","500","18","Умеете видеть плохой текст? Научите AI делать хорошую работу.","","PASS"
"graphic/02-editors-eye-graphic-300x600.jpg","EDITOR'S EYE","300x600","300","600","19","Умеете видеть плохой текст? Научите AI делать хорошую работу.","","PASS"
"graphic/02-editors-eye-graphic-320x50.jpg","EDITOR'S EYE","320x50","320","50","6","Умеете видеть плохой текст? Научите AI делать хорошую работу.","","PASS"
"graphic/02-editors-eye-graphic-320x100.jpg","EDITOR'S EYE","320x100","320","100","7","Умеете видеть плохой текст? Научите AI делать хорошую работу.","","PASS"
"graphic/02-editors-eye-graphic-320x480.jpg","EDITOR'S EYE","320x480","320","480","19","Умеете видеть плохой текст? Научите AI делать хорошую работу.","","PASS"
"graphic/02-editors-eye-graphic-336x280.jpg","EDITOR'S EYE","336x280","336","280","19","Умеете видеть плохой текст? Научите AI делать хорошую работу.","","PASS"
"graphic/02-editors-eye-graphic-480x320.jpg","EDITOR'S EYE","480x320","480","320","27","Умеете видеть плохой текст? Научите AI делать хорошую работу.","","PASS"
"graphic/02-editors-eye-graphic-728x90.jpg","EDITOR'S EYE","728x90","728","90","13","Умеете видеть плохой текст? Научите AI делать хорошую работу.","","PASS"
"graphic/02-editors-eye-graphic-970x250.jpg","EDITOR'S EYE","970x250","970","250","16","Умеете видеть плохой текст? Научите AI делать хорошую работу.","","PASS"
"combinatorial/03-text-ai-project-combinatorial-1200x1200.jpg","TEXT TO AI PROJECT","1200x1200","1200","1200","55","","","PASS"
"combinatorial/03-text-ai-project-combinatorial-1600x1200.jpg","TEXT TO AI PROJECT","1600x1200","1600","1200","68","","","PASS"
"combinatorial/03-text-ai-project-combinatorial-1200x1600.jpg","TEXT TO AI PROJECT","1200x1600","1200","1600","63","","","PASS"
"combinatorial/03-text-ai-project-combinatorial-1920x1080.jpg","TEXT TO AI PROJECT","1920x1080","1920","1080","75","","","PASS"
"graphic/03-text-ai-project-graphic-240x400.jpg","TEXT TO AI PROJECT","240x400","240","400","14","Из работы с текстом в AI-проекты","14 дней — 0 ₽","PASS"
"graphic/03-text-ai-project-graphic-300x250.jpg","TEXT TO AI PROJECT","300x250","300","250","16","Из работы с текстом в AI-проекты","14 дней — 0 ₽","PASS"
"graphic/03-text-ai-project-graphic-300x500.jpg","TEXT TO AI PROJECT","300x500","300","500","19","Из работы с текстом в AI-проекты","14 дней — 0 ₽","PASS"
"graphic/03-text-ai-project-graphic-300x600.jpg","TEXT TO AI PROJECT","300x600","300","600","20","Из работы с текстом в AI-проекты","14 дней — 0 ₽","PASS"
"graphic/03-text-ai-project-graphic-320x50.jpg","TEXT TO AI PROJECT","320x50","320","50","6","Из работы с текстом в AI-проекты","14 дней — 0 ₽","PASS"
"graphic/03-text-ai-project-graphic-320x100.jpg","TEXT TO AI PROJECT","320x100","320","100","7","Из работы с текстом в AI-проекты","14 дней — 0 ₽","PASS"
"graphic/03-text-ai-project-graphic-320x480.jpg","TEXT TO AI PROJECT","320x480","320","480","20","Из работы с текстом в AI-проекты","14 дней — 0 ₽","PASS"
"graphic/03-text-ai-project-graphic-336x280.jpg","TEXT TO AI PROJECT","336x280","336","280","19","Из работы с текстом в AI-проекты","14 дней — 0 ₽","PASS"
"graphic/03-text-ai-project-graphic-480x320.jpg","TEXT TO AI PROJECT","480x320","480","320","24","Из работы с текстом в AI-проекты","14 дней — 0 ₽","PASS"
"graphic/03-text-ai-project-graphic-728x90.jpg","TEXT TO AI PROJECT","728x90","728","90","13","Из работы с текстом в AI-проекты","14 дней — 0 ₽","PASS"
"graphic/03-text-ai-project-graphic-970x250.jpg","TEXT TO AI PROJECT","970x250","970","250","18","Из работы с текстом в AI-проекты","14 дней — 0 ₽","PASS"
"combinatorial/04-not-a-prompt-course-combinatorial-1200x1200.jpg","NOT A PROMPT COURSE","1200x1200","1200","1200","52","","","PASS"
"combinatorial/04-not-a-prompt-course-combinatorial-1600x1200.jpg","NOT A PROMPT COURSE","1600x1200","1600","1200","66","","","PASS"
"combinatorial/04-not-a-prompt-course-combinatorial-1200x1600.jpg","NOT A PROMPT COURSE","1200x1600","1200","1600","59","","","PASS"
"combinatorial/04-not-a-prompt-course-combinatorial-1920x1080.jpg","NOT A PROMPT COURSE","1920x1080","1920","1080","73","","","PASS"
"graphic/04-not-a-prompt-course-graphic-240x400.jpg","NOT A PROMPT COURSE","240x400","240","400","11","Не курс по промптам. Собирайте работающие AI-проекты.","","PASS"
"graphic/04-not-a-prompt-course-graphic-300x250.jpg","NOT A PROMPT COURSE","300x250","300","250","14","Не курс по промптам. Собирайте работающие AI-проекты.","","PASS"
"graphic/04-not-a-prompt-course-graphic-300x500.jpg","NOT A PROMPT COURSE","300x500","300","500","15","Не курс по промптам. Собирайте работающие AI-проекты.","","PASS"
"graphic/04-not-a-prompt-course-graphic-300x600.jpg","NOT A PROMPT COURSE","300x600","300","600","16","Не курс по промптам. Собирайте работающие AI-проекты.","","PASS"
"graphic/04-not-a-prompt-course-graphic-320x50.jpg","NOT A PROMPT COURSE","320x50","320","50","7","Не курс по промптам. Собирайте работающие AI-проекты.","","PASS"
"graphic/04-not-a-prompt-course-graphic-320x100.jpg","NOT A PROMPT COURSE","320x100","320","100","7","Не курс по промптам. Собирайте работающие AI-проекты.","","PASS"
"graphic/04-not-a-prompt-course-graphic-320x480.jpg","NOT A PROMPT COURSE","320x480","320","480","16","Не курс по промптам. Собирайте работающие AI-проекты.","","PASS"
"graphic/04-not-a-prompt-course-graphic-336x280.jpg","NOT A PROMPT COURSE","336x280","336","280","16","Не курс по промптам. Собирайте работающие AI-проекты.","","PASS"
"graphic/04-not-a-prompt-course-graphic-480x320.jpg","NOT A PROMPT COURSE","480x320","480","320","23","Не курс по промптам. Собирайте работающие AI-проекты.","","PASS"
"graphic/04-not-a-prompt-course-graphic-728x90.jpg","NOT A PROMPT COURSE","728x90","728","90","16","Не курс по промптам. Собирайте работающие AI-проекты.","","PASS"
"graphic/04-not-a-prompt-course-graphic-970x250.jpg","NOT A PROMPT COURSE","970x250","970","250","18","Не курс по промптам. Собирайте работающие AI-проекты.","","PASS"
"combinatorial/05-hard-qualifier-combinatorial-1200x1200.jpg","HARD QUALIFIER","1200x1200","1200","1200","54","","","PASS"
"combinatorial/05-hard-qualifier-combinatorial-1600x1200.jpg","HARD QUALIFIER","1600x1200","1600","1200","71","","","PASS"
"combinatorial/05-hard-qualifier-combinatorial-1200x1600.jpg","HARD QUALIFIER","1200x1600","1200","1600","62","","","PASS"
"combinatorial/05-hard-qualifier-combinatorial-1920x1080.jpg","HARD QUALIFIER","1920x1080","1920","1080","74","","","PASS"
"graphic/05-hard-qualifier-graphic-240x400.jpg","HARD QUALIFIER","240x400","240","400","14","Редакторы. Авторы. Журналисты. Копирайтеры.","14 дней — 0 ₽ · первый платный месяц — 8 800 ₽","PASS"
"graphic/05-hard-qualifier-graphic-300x250.jpg","HARD QUALIFIER","300x250","300","250","17","Редакторы. Авторы. Журналисты. Копирайтеры.","14 дней — 0 ₽ · первый платный месяц — 8 800 ₽","PASS"
"graphic/05-hard-qualifier-graphic-300x500.jpg","HARD QUALIFIER","300x500","300","500","18","Редакторы. Авторы. Журналисты. Копирайтеры.","14 дней — 0 ₽ · первый платный месяц — 8 800 ₽","PASS"
"graphic/05-hard-qualifier-graphic-300x600.jpg","HARD QUALIFIER","300x600","300","600","19","Редакторы. Авторы. Журналисты. Копирайтеры.","14 дней — 0 ₽ · первый платный месяц — 8 800 ₽","PASS"
"graphic/05-hard-qualifier-graphic-320x50.jpg","HARD QUALIFIER","320x50","320","50","6","Редакторы. Авторы. Журналисты. Копирайтеры.","14 дней — 0 ₽ · первый платный месяц — 8 800 ₽","PASS"
"graphic/05-hard-qualifier-graphic-320x100.jpg","HARD QUALIFIER","320x100","320","100","7","Редакторы. Авторы. Журналисты. Копирайтеры.","14 дней — 0 ₽ · первый платный месяц — 8 800 ₽","PASS"
"graphic/05-hard-qualifier-graphic-320x480.jpg","HARD QUALIFIER","320x480","320","480","19","Редакторы. Авторы. Журналисты. Копирайтеры.","14 дней — 0 ₽ · первый платный месяц — 8 800 ₽","PASS"
"graphic/05-hard-qualifier-graphic-336x280.jpg","HARD QUALIFIER","336x280","336","280","20","Редакторы. Авторы. Журналисты. Копирайтеры.","14 дней — 0 ₽ · первый платный месяц — 8 800 ₽","PASS"
"graphic/05-hard-qualifier-graphic-480x320.jpg","HARD QUALIFIER","480x320","480","320","27","Редакторы. Авторы. Журналисты. Копирайтеры.","14 дней — 0 ₽ · первый платный месяц — 8 800 ₽","PASS"
"graphic/05-hard-qualifier-graphic-728x90.jpg","HARD QUALIFIER","728x90","728","90","17","Редакторы. Авторы. Журналисты. Копирайтеры.","14 дней — 0 ₽ · первый платный месяц — 8 800 ₽","PASS"
"graphic/05-hard-qualifier-graphic-970x250.jpg","HARD QUALIFIER","970x250","970","250","24","Редакторы. Авторы. Журналисты. Копирайтеры.","14 дней — 0 ₽ · первый платный месяц — 8 800 ₽","PASS"