filename,concept,kind,format,width,height,file_size_kb,status
"rsya/01-rasshifrovka-rsya-1200x1200.jpg","РАСШИФРОВКА И ПРАВКА","rsya","1200x1200","1200","1200","138","PASS"
"rsya/01-rasshifrovka-rsya-1600x1200.jpg","РАСШИФРОВКА И ПРАВКА","rsya","1600x1200","1600","1200","126","PASS"
"rsya/01-rasshifrovka-rsya-1200x1600.jpg","РАСШИФРОВКА И ПРАВКА","rsya","1200x1600","1200","1600","163","PASS"
"rsya/01-rasshifrovka-rsya-1920x1080.jpg","РАСШИФРОВКА И ПРАВКА","rsya","1920x1080","1920","1080","148","PASS"
"graphic/01-rasshifrovka-graphic-240x400.jpg","РАСШИФРОВКА И ПРАВКА","graphic","240x400","240","400","21","PASS"
"graphic/01-rasshifrovka-graphic-300x250.jpg","РАСШИФРОВКА И ПРАВКА","graphic","300x250","300","250","17","PASS"
"graphic/01-rasshifrovka-graphic-300x500.jpg","РАСШИФРОВКА И ПРАВКА","graphic","300x500","300","500","28","PASS"
"graphic/01-rasshifrovka-graphic-300x600.jpg","РАСШИФРОВКА И ПРАВКА","graphic","300x600","300","600","29","PASS"
"graphic/01-rasshifrovka-graphic-320x50.jpg","РАСШИФРОВКА И ПРАВКА","graphic","320x50","320","50","7","PASS"
"graphic/01-rasshifrovka-graphic-320x100.jpg","РАСШИФРОВКА И ПРАВКА","graphic","320x100","320","100","12","PASS"
"graphic/01-rasshifrovka-graphic-320x480.jpg","РАСШИФРОВКА И ПРАВКА","graphic","320x480","320","480","30","PASS"
"graphic/01-rasshifrovka-graphic-336x280.jpg","РАСШИФРОВКА И ПРАВКА","graphic","336x280","336","280","21","PASS"
"graphic/01-rasshifrovka-graphic-480x320.jpg","РАСШИФРОВКА И ПРАВКА","graphic","480x320","480","320","29","PASS"
"graphic/01-rasshifrovka-graphic-728x90.jpg","РАСШИФРОВКА И ПРАВКА","graphic","728x90","728","90","18","PASS"
"graphic/01-rasshifrovka-graphic-970x250.jpg","РАСШИФРОВКА И ПРАВКА","graphic","970x250","970","250","49","PASS"
"rsya/02-pervaya-versiya-rsya-1200x1200.jpg","ПЕРВАЯ ВЕРСИЯ","rsya","1200x1200","1200","1200","131","PASS"
"rsya/02-pervaya-versiya-rsya-1600x1200.jpg","ПЕРВАЯ ВЕРСИЯ","rsya","1600x1200","1600","1200","145","PASS"
"rsya/02-pervaya-versiya-rsya-1200x1600.jpg","ПЕРВАЯ ВЕРСИЯ","rsya","1200x1600","1200","1600","157","PASS"
"rsya/02-pervaya-versiya-rsya-1920x1080.jpg","ПЕРВАЯ ВЕРСИЯ","rsya","1920x1080","1920","1080","155","PASS"
"graphic/02-pervaya-versiya-graphic-240x400.jpg","ПЕРВАЯ ВЕРСИЯ","graphic","240x400","240","400","17","PASS"
"graphic/02-pervaya-versiya-graphic-300x250.jpg","ПЕРВАЯ ВЕРСИЯ","graphic","300x250","300","250","14","PASS"
"graphic/02-pervaya-versiya-graphic-300x500.jpg","ПЕРВАЯ ВЕРСИЯ","graphic","300x500","300","500","22","PASS"
"graphic/02-pervaya-versiya-graphic-300x600.jpg","ПЕРВАЯ ВЕРСИЯ","graphic","300x600","300","600","22","PASS"
"graphic/02-pervaya-versiya-graphic-320x50.jpg","ПЕРВАЯ ВЕРСИЯ","graphic","320x50","320","50","6","PASS"
"graphic/02-pervaya-versiya-graphic-320x100.jpg","ПЕРВАЯ ВЕРСИЯ","graphic","320x100","320","100","10","PASS"
"graphic/02-pervaya-versiya-graphic-320x480.jpg","ПЕРВАЯ ВЕРСИЯ","graphic","320x480","320","480","23","PASS"
"graphic/02-pervaya-versiya-graphic-336x280.jpg","ПЕРВАЯ ВЕРСИЯ","graphic","336x280","336","280","17","PASS"
"graphic/02-pervaya-versiya-graphic-480x320.jpg","ПЕРВАЯ ВЕРСИЯ","graphic","480x320","480","320","23","PASS"
"graphic/02-pervaya-versiya-graphic-728x90.jpg","ПЕРВАЯ ВЕРСИЯ","graphic","728x90","728","90","13","PASS"
"graphic/02-pervaya-versiya-graphic-970x250.jpg","ПЕРВАЯ ВЕРСИЯ","graphic","970x250","970","250","35","PASS"
"rsya/03-rabochiy-instrument-rsya-1200x1200.jpg","РАБОЧИЙ ИНСТРУМЕНТ","rsya","1200x1200","1200","1200","119","PASS"
"rsya/03-rabochiy-instrument-rsya-1600x1200.jpg","РАБОЧИЙ ИНСТРУМЕНТ","rsya","1600x1200","1600","1200","108","PASS"
"rsya/03-rabochiy-instrument-rsya-1200x1600.jpg","РАБОЧИЙ ИНСТРУМЕНТ","rsya","1200x1600","1200","1600","138","PASS"
"rsya/03-rabochiy-instrument-rsya-1920x1080.jpg","РАБОЧИЙ ИНСТРУМЕНТ","rsya","1920x1080","1920","1080","128","PASS"
"graphic/03-rabochiy-instrument-graphic-240x400.jpg","РАБОЧИЙ ИНСТРУМЕНТ","graphic","240x400","240","400","18","PASS"
"graphic/03-rabochiy-instrument-graphic-300x250.jpg","РАБОЧИЙ ИНСТРУМЕНТ","graphic","300x250","300","250","15","PASS"
"graphic/03-rabochiy-instrument-graphic-300x500.jpg","РАБОЧИЙ ИНСТРУМЕНТ","graphic","300x500","300","500","24","PASS"
"graphic/03-rabochiy-instrument-graphic-300x600.jpg","РАБОЧИЙ ИНСТРУМЕНТ","graphic","300x600","300","600","24","PASS"
"graphic/03-rabochiy-instrument-graphic-320x50.jpg","РАБОЧИЙ ИНСТРУМЕНТ","graphic","320x50","320","50","7","PASS"
"graphic/03-rabochiy-instrument-graphic-320x100.jpg","РАБОЧИЙ ИНСТРУМЕНТ","graphic","320x100","320","100","11","PASS"
"graphic/03-rabochiy-instrument-graphic-320x480.jpg","РАБОЧИЙ ИНСТРУМЕНТ","graphic","320x480","320","480","26","PASS"
"graphic/03-rabochiy-instrument-graphic-336x280.jpg","РАБОЧИЙ ИНСТРУМЕНТ","graphic","336x280","336","280","19","PASS"
"graphic/03-rabochiy-instrument-graphic-480x320.jpg","РАБОЧИЙ ИНСТРУМЕНТ","graphic","480x320","480","320","27","PASS"
"graphic/03-rabochiy-instrument-graphic-728x90.jpg","РАБОЧИЙ ИНСТРУМЕНТ","graphic","728x90","728","90","16","PASS"
"graphic/03-rabochiy-instrument-graphic-970x250.jpg","РАБОЧИЙ ИНСТРУМЕНТ","graphic","970x250","970","250","42","PASS"
"rsya/04-tekstov-mnogo-rsya-1200x1200.jpg","ТЕКСТОВ МНОГО","rsya","1200x1200","1200","1200","137","PASS"
"rsya/04-tekstov-mnogo-rsya-1600x1200.jpg","ТЕКСТОВ МНОГО","rsya","1600x1200","1600","1200","139","PASS"
"rsya/04-tekstov-mnogo-rsya-1200x1600.jpg","ТЕКСТОВ МНОГО","rsya","1200x1600","1200","1600","155","PASS"
"rsya/04-tekstov-mnogo-rsya-1920x1080.jpg","ТЕКСТОВ МНОГО","rsya","1920x1080","1920","1080","150","PASS"
"graphic/04-tekstov-mnogo-graphic-240x400.jpg","ТЕКСТОВ МНОГО","graphic","240x400","240","400","17","PASS"
"graphic/04-tekstov-mnogo-graphic-300x250.jpg","ТЕКСТОВ МНОГО","graphic","300x250","300","250","14","PASS"
"graphic/04-tekstov-mnogo-graphic-300x500.jpg","ТЕКСТОВ МНОГО","graphic","300x500","300","500","23","PASS"
"graphic/04-tekstov-mnogo-graphic-300x600.jpg","ТЕКСТОВ МНОГО","graphic","300x600","300","600","24","PASS"
"graphic/04-tekstov-mnogo-graphic-320x50.jpg","ТЕКСТОВ МНОГО","graphic","320x50","320","50","6","PASS"
"graphic/04-tekstov-mnogo-graphic-320x100.jpg","ТЕКСТОВ МНОГО","graphic","320x100","320","100","10","PASS"
"graphic/04-tekstov-mnogo-graphic-320x480.jpg","ТЕКСТОВ МНОГО","graphic","320x480","320","480","23","PASS"
"graphic/04-tekstov-mnogo-graphic-336x280.jpg","ТЕКСТОВ МНОГО","graphic","336x280","336","280","16","PASS"
"graphic/04-tekstov-mnogo-graphic-480x320.jpg","ТЕКСТОВ МНОГО","graphic","480x320","480","320","25","PASS"
"graphic/04-tekstov-mnogo-graphic-728x90.jpg","ТЕКСТОВ МНОГО","graphic","728x90","728","90","14","PASS"
"graphic/04-tekstov-mnogo-graphic-970x250.jpg","ТЕКСТОВ МНОГО","graphic","970x250","970","250","35","PASS"
"rsya/05-zhivyote-v-tekste-rsya-1200x1200.jpg","ЖИЗНЬ В ТЕКСТЕ","rsya","1200x1200","1200","1200","130","PASS"
"rsya/05-zhivyote-v-tekste-rsya-1600x1200.jpg","ЖИЗНЬ В ТЕКСТЕ","rsya","1600x1200","1600","1200","120","PASS"
"rsya/05-zhivyote-v-tekste-rsya-1200x1600.jpg","ЖИЗНЬ В ТЕКСТЕ","rsya","1200x1600","1200","1600","150","PASS"
"rsya/05-zhivyote-v-tekste-rsya-1920x1080.jpg","ЖИЗНЬ В ТЕКСТЕ","rsya","1920x1080","1920","1080","139","PASS"
"graphic/05-zhivyote-v-tekste-graphic-240x400.jpg","ЖИЗНЬ В ТЕКСТЕ","graphic","240x400","240","400","20","PASS"
"graphic/05-zhivyote-v-tekste-graphic-300x250.jpg","ЖИЗНЬ В ТЕКСТЕ","graphic","300x250","300","250","15","PASS"
"graphic/05-zhivyote-v-tekste-graphic-300x500.jpg","ЖИЗНЬ В ТЕКСТЕ","graphic","300x500","300","500","28","PASS"
"graphic/05-zhivyote-v-tekste-graphic-300x600.jpg","ЖИЗНЬ В ТЕКСТЕ","graphic","300x600","300","600","28","PASS"
"graphic/05-zhivyote-v-tekste-graphic-320x50.jpg","ЖИЗНЬ В ТЕКСТЕ","graphic","320x50","320","50","7","PASS"
"graphic/05-zhivyote-v-tekste-graphic-320x100.jpg","ЖИЗНЬ В ТЕКСТЕ","graphic","320x100","320","100","12","PASS"
"graphic/05-zhivyote-v-tekste-graphic-320x480.jpg","ЖИЗНЬ В ТЕКСТЕ","graphic","320x480","320","480","29","PASS"
"graphic/05-zhivyote-v-tekste-graphic-336x280.jpg","ЖИЗНЬ В ТЕКСТЕ","graphic","336x280","336","280","19","PASS"
"graphic/05-zhivyote-v-tekste-graphic-480x320.jpg","ЖИЗНЬ В ТЕКСТЕ","graphic","480x320","480","320","26","PASS"
"graphic/05-zhivyote-v-tekste-graphic-728x90.jpg","ЖИЗНЬ В ТЕКСТЕ","graphic","728x90","728","90","17","PASS"
"graphic/05-zhivyote-v-tekste-graphic-970x250.jpg","ЖИЗНЬ В ТЕКСТЕ","graphic","970x250","970","250","44","PASS"
